-0.011313376,1.9512 
-0.00436581,1.9427 
-0.006403327,1.9303 
0.003929481,1.9379 
0.000773734,1.9394 
-0.003822911,1.9320 
0.006757654,1.9451 
0.006508004,1.9578 
0.003314554,1.9643 
-0.001681401,1.9610 
0.0044267,1.9697 
0.002332658,1.9743 
-0.000405289,1.9735 
0.001316589,1.9761 
0.002527041,1.9811 
-0.006177235,1.9689 
-0.002237251,1.9645 
-0.00316101,1.9583 
0.001224802,1.9607 
0.000968572,1.9626 
0.001120334,1.9648 
0.000966552,1.9667 
-0.00035599,1.9660 
-0.002903499,1.9603 
0.005392768,1.9709 
-0.000355231,1.9702 
-0.005956186,1.9585 
-0.004195667,1.9503 
-0.001539409,1.9473 
-0.000205434,1.9469 
0.008031761,1.9626 
-0.005825557,1.9512 
-0.000512637,1.9502 
0.000563886,1.9513 
0.001945526,1.9551 
-0.000562789,1.9540 
0.001278609,1.9565 
0.003622361,1.9636 
-0.000254667,1.9631 
-0.000611465,1.9619 
0.000713339,1.9633 
-0.002652116,1.9581 
-0.007587056,1.9433 
-0.012062373,1.9200 
0.006023489,1.9316 
0.000569314,1.9327 
-0.002486661,1.9279 
0.002124408,1.9320 
0.000155267,1.9323 
-0.001916652,1.9286 
0.003261294,1.9349 
0.000671644,1.9362 
0.002682073,1.9414 
0.001492653,1.9443 
0.008858452,1.9616 
0.003257332,1.9680 
-0.001881851,1.9643 
-0.001273529,1.9618 
0.003714166,1.9691 
-0.00193168,1.9653 
-0.002088375,1.9612 
0.000356861,1.9619 
0.002799483,1.9674 
0.004918251,1.9771 
-0.001518526,1.9741 
0.001012607,1.9761 
-0.002584177,1.9710 
-0.003048783,1.9650 
-0.001476917,1.9621 
0.004830068,1.9716 
0.001824263,1.9752 
0.002023064,1.9792 
0.003480194,1.9861 
0.001459083,1.9890 
0.009058894,2.0071 
0.000697281,2.0085 
-0.002991775,2.0025 
-0.000149824,2.0022 
-0.000899415,2.0004 
0.000749569,2.0019 
-5.00E-05,2.0018 
-0.005660912,1.9905 
0.003410405,1.9973 
0.000900811,1.9991 
-0.000250144,1.9986 
-0.00506635,1.9885 
-0.000754622,1.9870 
0.002563395,1.9921 
0.000351326,1.9928 
-0.001908685,1.9890 
0.002209724,1.9934 
-0.007856608,1.9778 
0.001768079,1.9813 
-0.001161528,1.9790 
0.00337983,1.9857 
-0.004390953,1.9770 
-0.001012146,1.9750 
-0.00015191,1.9747 
-0.00212917,1.9705 
0.002078529,1.9746 
0.005756719,1.9860 
-0.000805964,1.9844 
-0.000100791,1.9842 
-0.000554533,1.9831 
-0.001009031,1.9811 
-0.00272948,1.9757 
0.002275084,1.9802 
0.001059937,1.9823 
0.004529905,1.9913 
0.000903524,1.9931 
-0.000351273,1.9924 
-0.007455954,1.9776 
-0.00486619,1.9680 
0.000660351,1.9693 
0.002333132,1.9739 
-0.000557428,1.9728 
-0.00167415,1.9695 
0.002636785,1.9747 
0.004244789,1.9831 
0.002316915,1.9877 
0.002512312,1.9927 
-0.000401546,1.9919 
0.003307942,1.9985 
-0.00040038,1.9977 
0.000250257,1.9982 
0.00020016,1.9986 
0.001799641,2.0022 
0.003042017,2.0083 
0.004768774,2.0179 
-0.000644442,2.0166 
-9.92E-05,2.0164 
-0.002582184,2.0112 
-9.94E-05,2.0110 
0.002135957,2.0153 
0.006035439,2.0275 
0.002020153,2.0316 
-0.000837129,2.0299 
0.002165249,2.0343 
0.000835319,2.0360 
0.005192781,2.0466 
0.003024835,2.0528 
-0.001755242,2.0492 
0.00297235,2.0553 
0.001264223,2.0579 
0.001165558,2.0603 
-0.003987944,2.0521 
-0.00327029,2.0454 
-0.010171828,2.0247 
0.00024692,2.0252 
0.002022445,2.0293 
0.00108353,2.0315 
0.002605512,2.0368 
0.000785238,2.0384 
-0.003636904,2.0310 
-0.004342255,2.0222 
0.006555461,2.0355 
-0.0061105,2.0231 
0.000247115,2.0236 
-0.006047106,2.0114 
-0.007485438,1.9964 
-0.005323703,1.9858 
-0.000705254,1.9844 
-0.001563407,1.9813 
0.003174686,1.9876 
-0.003124215,1.9814 
0.005987891,1.9933 
0.006002119,2.0053 
0.004478065,2.0143 
-0.002037521,2.0102 
-0.00533707,1.9995 
0.008961972,2.0175 
-0.002183299,2.0131 
0.001588326,2.0163 
0.001090513,2.0185 
-0.002380835,2.0137 
0.00287613,2.0195 
0.001929309,2.0234 
0.003305788,2.0301 
-0.001330869,2.0274 
0.002364766,2.0322 
-0.001428044,2.0293 
-0.005138097,2.0189 
-0.00501528,2.0088 
-0.007695805,1.9934 
0.009734745,2.0129 
-0.006629308,1.9996 
0.004640148,2.0089 
0.005411188,2.0198 
0.000791844,2.0214 
-0.001534768,2.0183 
-0.001289043,2.0157 
0.005491665,2.0268 
0.009819403,2.0468 
-0.001858282,2.0430 
-0.00122444,2.0405 
-0.004272776,2.0318 
0.003341198,2.0386 
0.001862289,2.0424 
-0.002549271,2.0372 
-0.000196367,2.0368 
0.002451823,2.0418 
-0.00402415,2.0336 
0.001277704,2.0362 
0.00323609,2.0428 
-0.005153259,2.0323 
0.004320722,2.0411 
0.000734628,2.0426 
0.004201482,2.0512 
-0.009749006,2.0313 
0.009602739,2.0509 
-0.00058528,2.0497 
0.000731547,2.0512 
0.000779727,2.0528 
0.004908045,2.0629 
0.002324119,2.0677 
0.006363614,2.0809 
-0.001346478,2.0781 
0.005375067,2.0893 
-0.004365039,2.0802 
0.003503135,2.0875 
0.006826943,2.1018 
0.002518474,2.1071 
-0.007765827,2.0908 
-0.01824463,2.0530 
0.008681157,2.0709 
-0.009802097,2.0507 
-0.002930119,2.0447 
0.003173908,2.0512 
-0.000780336,2.0496 
0.008163311,2.0664 
0,2.0664 
-0.002859291,2.0605 
0.00024263,2.0610 
0.005033405,2.0714 
-0.001401,2.0685 
0.00660132,2.0822 
-0.010088175,2.0613 
-0.002136857,2.0569 
0.00470475,2.0666 
-0.003830029,2.0587 
-0.015961953,2.0261 
0.000789383,2.0277 
0.001921514,2.0316 
0.007307357,2.0465 
-0.005930082,2.0344 
0.006027805,2.0467 
-0.00269087,2.0412 
-0.012720183,2.0154 
0.002527319,2.0205 
-0.003023621,2.0144 
-0.008274809,1.9978 
-0.007133199,1.9836 
-0.000201674,1.9832 
-0.003181741,1.9769 
0.000859563,1.9786 
0.002473437,1.9835 
0.006081796,1.9956 
-0.001655007,1.9923 
-0.003670836,1.9850 
-0.001865719,1.9813 
-0.005516627,1.9704 
0.001065206,1.9725 
-0.001471297,1.9696 
0.001572686,1.9727 
-0.007275349,1.9584 
0.001479705,1.9613 
-0.00219483,1.9570 
-0.000511117,1.9560 
0.003266642,1.9624 
0.00050945,1.9634 
0.003812627,1.9709 
-0.008048948,1.9551 
-0.006156707,1.9431 
0.009220904,1.9611 
-0.002808489,1.9556 
0.010630552,1.9765 
0.002375118,1.9812 
0.001261066,1.9837 
0.00276876,1.9892 
-0.000704048,1.9878 
-0.000503195,1.9868 
-0.009710778,1.9676 
0.002943418,1.9734 
-0.004774734,1.9640 
-0.00147767,1.9611 
-0.009838665,1.9419 
0.001852138,1.9455 
0.002874303,1.9511 
0.004244988,1.9594 
0.001835611,1.9630 
0.002848715,1.9686 
-0.004174096,1.9604 
-0.003781882,1.9530 
-0.002717463,1.9477 
-0.002982314,1.9419 
0.010756096,1.9629 
0.00284886,1.9685 
-0.000711454,1.9671 
0.009914594,1.9867 
-0.002519909,1.9817 
0.003676938,1.9890 
-0.000653808,1.9877 
-0.002316915,1.9831 
0.001561989,1.9862 
0.003066485,1.9923 
0.008994214,2.0103 
0.00203742,2.0144 
-0.003779971,2.0068 
9.97E-05,2.0070 
0.010162437,2.0275 
0.002413854,2.0324 
-0.005377551,2.0215 
-0.011192755,1.9990 
0.00439254,2.0078 
-0.012529608,1.9828 
0.00166293,1.9861 
-0.001814242,1.9825 
0.002267289,1.9870 
0.008619015,2.0042 
0.001346264,2.0069 
-0.000398704,2.0061 
-0.005448243,1.9952 
-0.006083019,1.9831 
-0.003080733,1.9770 
0.005850329,1.9886 
0.003614099,1.9958 
-0.001504288,1.9928 
-0.002310978,1.9882 
-0.010161096,1.9681 
0.003499788,1.9750 
-0.001824448,1.9714 
-0.000507382,1.9704 
0.003293393,1.9769 
-0.007361747,1.9624 
0.005285639,1.9728 
0.008379232,1.9894 
0.002660577,1.9947 
-0.00780094,1.9792 
0.008151809,1.9954 
-0.008404468,1.9787 
-0.003391807,1.9720 
0.005965941,1.9838 
0.003522371,1.9908 
-0.010706092,1.9696 
0.008946457,1.9873 
-0.005651728,1.9761 
-0.002685654,1.9708 
0.000862222,1.9725 
0.000405494,1.9733 
-0.009931074,1.9538 
0.000511692,1.9548 
-0.001330945,1.9522 
0.002302439,1.9567 
-0.005843174,1.9453 
0.000719424,1.9467 
0.000616238,1.9479 
0.003791765,1.9553 
-0.003432468,1.9486 
0.009500046,1.9672 
0.002386333,1.9719 
0.003947773,1.9797 
-0.000101031,1.9795 
0.000959378,1.9814 
-0.003640413,1.9742 
0.002933592,1.9800 
-0.002224695,1.9756 
0.003385637,1.9823 
-0.008460244,1.9656 
-0.001935123,1.9618 
-0.004086225,1.9538 
0.001891955,1.9575 
0.006213098,1.9697 
0.002130034,1.9739 
-0.010388646,1.9535 
0.005055029,1.9634 
-0.009158651,1.9455 
0.000667986,1.9468 
0.008286916,1.9630 
-0.003470099,1.9562 
0.001226116,1.9586 
0.006869033,1.9721 
0.001570694,1.9752 
-0.0052792,1.9648 
0.002998351,1.9707 
0.001723789,1.9741 
0.007267987,1.9885 
0.003163209,1.9948 
-0.000752238,1.9933 
0.000952739,1.9952 
-0.000802246,1.9936 
-0.005532935,1.9826 
-0.000454052,1.9817 
-0.003133531,1.9755 
-0.003194162,1.9692 
0.007084333,1.9832 
-0.003029999,1.9772 
0.005648593,1.9884 
0.003113234,1.9946 
0.005050895,2.0047 
-0.003347743,1.9980 
0.000650439,1.9993 
-0.000350184,1.9986 
0.002049335,2.0027 
-0.005758798,1.9912 
0.003008728,1.9972 
-0.005472588,1.9863 
0.002564297,1.9914 
0.001455203,1.9943 
-0.007297282,1.9798 
0.000757365,1.9813 
0.000908082,1.9831 
-0.004092879,1.9750 
-0.007113851,1.9610 
-0.004190307,1.9528 
-0.002923154,1.9471 
-0.002004987,1.9432 
-0.011542272,1.9209 
-0.00563823,1.9101 
-0.007620186,1.8956 
-0.01407838,1.8691 
-0.000428105,1.8683 
-0.001339011,1.8658 
-0.001931331,1.8622 
0.002306435,1.8665 
-0.002951042,1.8610 
0.008773863,1.8774 
-0.013243806,1.8527 
-0.000161939,1.8524 
-0.007804072,1.8380 
-0.00217865,1.8340 
-0.003058106,1.8284 
-0.004055467,1.8210 
-0.012266025,1.7988 
-0.008822437,1.7830 
-0.004722293,1.7746 
-0.008659043,1.7593 
0.003744473,1.7659 
-0.004597448,1.7578 
0.000284406,1.7583 
-0.005817949,1.7481 
0.005761075,1.7582 
0.019989967,1.7937 
0.00283925,1.7988 
-0.010000921,1.7809 
0.018470622,1.8141 
0.000716352,1.8154 
0.008665661,1.8312 
0.014421502,1.8578 
-0.002587045,1.8530 
-0.003351536,1.8468 
-0.004558784,1.8384 
0.003529447,1.8449 
-0.022529525,1.8038 
-0.011373896,1.7834 
-0.007372631,1.7703 
-0.00413212,1.7630 
0.004753291,1.7714 
-0.016391944,1.7426 
0.00555096,1.7523 
-0.014138167,1.7277 
-0.010707114,1.7093 
-0.002870787,1.7044 
0.021131635,1.7408 
0.000287183,1.7413 
-0.015802141,1.7140 
0.010216016,1.7316 
-0.001676156,1.7287 
-0.007839989,1.7152 
-0.027125315,1.6693 
-0.027450561,1.6241 
0.004178193,1.6309 
-0.024580717,1.5913 
-0.022882839,1.5553 
0.027835051,1.5992 
0.024948805,1.6396 
-0.002320328,1.6358 
-0.017576229,1.6073 
-0.015739469,1.5822 
0.007932053,1.5948 
-0.002322736,1.5911 
-0.018266506,1.5623 
0.001343269,1.5644 
-0.002432001,1.5606 
-0.014392452,1.5383 
-0.027482042,1.4966 
-0.008791708,1.4835 
-0.006695774,1.4736 
0.014484708,1.4951 
0.001670733,1.4976 
-0.001670733,1.4951 
-0.015095643,1.4727 
0.012885994,1.4918 
0.017344356,1.5179 
0.019183676,1.5473 
-0.009741602,1.5323 
0.005272248,1.5404 
-0.001884402,1.5375 
-0.032456003,1.4884 
0.001342823,1.4904 
-0.00801648,1.4785 
-0.00712713,1.4680 
0.001089325,1.4696 
0.014859114,1.4916 
-0.010852454,1.4755 
0.00155758,1.4778 
0.016509334,1.5024 
-0.004803852,1.4952 
0.023269162,1.5304 
0.017809621,1.5579 
-0.002828311,1.5535 
-0.033979244,1.5016 
-0.005810669,1.4929 
-0.007193067,1.4822 
-0.006633748,1.4724 
-0.00272035,1.4684 
0,1.4684 
-0.006627745,1.4587 
-0.0135972,1.4390 
0.001250087,1.4408 
0.010494435,1.4560 
-0.001237029,1.4542 
0.010534334,1.4696 
0.014859114,1.4916 
0.012127822,1.5098 
0.007850939,1.5217 
-0.003686883,1.5161 
-0.022883683,1.4818 
-0.021556087,1.4502 
0.007419655,1.4610 
0.001982974,1.4639 
0.005789615,1.4724 
-0.01843844,1.4455 
-0.03735459,1.3925 
0.002510312,1.3960 
-0.006467863,1.3870 
-0.005059642,1.3800 
0.013245227,1.3984 
0.010810916,1.4136 
0.008102345,1.4251 
0.003502385,1.4301 
0.016574007,1.4540 
-0.018533831,1.4273 
0.012739913,1.4456 
0.000829761,1.4468 
0.009561552,1.4607 
0.011977006,1.4783 
0.007749104,1.4898 
-0.024185962,1.4542 
-0.010438003,1.4391 
-0.008723927,1.4266 
0.005870858,1.4350 
-0.00418995,1.4290 
-0.003786024,1.4236 
-0.001828026,1.4210 
0.005823965,1.4293 
0.009123579,1.4424 
0.004220145,1.4485 
-0.000276186,1.4481 
-0.019384235,1.4203 
0.007994432,1.4317 
-0.000209563,1.4314 
-0.018402183,1.4053 
-0.000142328,1.4051 
0.009843924,1.4190 
-0.005228585,1.4116 
-0.001630686,1.4093 
-0.022750273,1.3776 
-0.002252826,1.3745 
0.009341463,1.3874 
0.004530589,1.3937 
0.002937491,1.3978 
0.006702342,1.4072 
-0.002134169,1.4042 
0.018206699,1.4300 
0.014991952,1.4516 
-0.00538787,1.4438 
0.008070957,1.4555 
0.009436613,1.4693 
-0.009917663,1.4548 
-0.00606731,1.4460 
-0.00986873,1.4318 
-0.003778606,1.4264 
0.004127756,1.4323 
0.009173739,1.4455 
0.018845855,1.4730 
0.006293798,1.4823 
-0.005343808,1.4744 
-0.000407028,1.4738 
-0.002581699,1.4700 
-0.002247422,1.4667 
-0.002525857,1.4630 
0.014790961,1.4848 
0.002824671,1.4890 
0.006359854,1.4985 
-0.004347106,1.4920 
-0.008345721,1.4796 
-0.01779734,1.4535 
0.009449536,1.4673 
-0.013171625,1.4481 
0.015826042,1.4712 
-0.00374545,1.4657 
-0.002254022,1.4624 
0.000136752,1.4626 
0.0085779,1.4752 
0.001963905,1.4781 
0.008756623,1.4911 
0.008281621,1.5035 
0.001727805,1.5061 
0.003711317,1.5117 
-0.005771735,1.5030 
0.013612845,1.5236 
-0.008171918,1.5112 
0.010204506,1.5267 
-0.007495104,1.5153 
0.004083251,1.5215 
-0.003291642,1.5165 
0.011278069,1.5337 
0.00882836,1.5473 
0.016854512,1.5736 
0.007155326,1.5849 
0.005097717,1.5930 
-0.00069076,1.5919 
0.000565202,1.5928 
0.00206968,1.5961 
-0.001944123,1.5930 
0.015942547,1.6186 
0.015449057,1.6438 
0.008782347,1.6583 
-0.017458395,1.6296 
-0.009804907,1.6137 
-0.009776832,1.5980 
0.003872343,1.6042 
0.016935939,1.6316 
0.001775819,1.6345 
0.013792484,1.6572 
-0.007936309,1.6441 
-0.008490415,1.6302 
0.005749603,1.6396 
-0.000488043,1.6388 
-0.002994472,1.6339 
0.009320527,1.6492 
-0.008953375,1.6345 
0.00652501,1.6452 
-0.002434276,1.6412 
-0.002318064,1.6374 
0.009119159,1.6524 
0.001753485,1.6553 
-0.005391175,1.6464 
0.001274697,1.6485 
-0.009018402,1.6337 
-0.000428567,1.6330 
-0.003619525,1.6271 
-0.008951506,1.6126 
-0.004661723,1.6051 
0.017661321,1.6337 
-0.007865831,1.6209 
0.001787531,1.6238 
0.005037175,1.6320 
0.006169654,1.6421 
0.001156386,1.6440 
-0.006591016,1.6332 
0.013138875,1.6548 
-0.006000564,1.6449 
0.000486234,1.6457 
0.001821273,1.6487 
-0.004072088,1.6420 
0.004254033,1.6490 
-0.004010457,1.6424 
-0.003476567,1.6367 
0.007668936,1.6493 
0.013071294,1.6710 
0.013316093,1.6934 
-0.000236239,1.6930 
0.003596596,1.6991 
-0.012734499,1.6776 
-0.005499117,1.6684 
-0.01193864,1.6486 
-0.000667456,1.6475 
0.001031334,1.6492 
0.004658065,1.6569 
-0.001630878,1.6542 
-0.01253134,1.6336 
0.013498107,1.6558 
-0.001208605,1.6538 
-0.002179178,1.6502 
0.00018178,1.6505 
-0.005528736,1.6414 
-0.004334958,1.6343 
-0.006815069,1.6232 
0.002276854,1.6269 
-6.15E-05,1.6268 
0.000983043,1.6284 
-0.008201063,1.6151 
0.007095072,1.6266 
0.003988102,1.6331 
0.003667262,1.6391 
-0.002993923,1.6342 
0.00950068,1.6498 
0.002905219,1.6546 
0.006626131,1.6656 
0.000840185,1.6670 
-0.005534182,1.6578 
-0.005564979,1.6486 
-0.000303334,1.6481 
-0.002065112,1.6447 
-0.010820169,1.6270 
-0.004003085,1.6205 
0.009152679,1.6354 
-0.001713587,1.6326 
-0.016364956,1.6061 
-0.008252626,1.5929 
-0.003017921,1.5881 
0.004836845,1.5958 
0.003003381,1.6006 
-0.003379439,1.5952 
-0.000564352,1.5943 
-0.000690196,1.5932 
-0.001444678,1.5909 
0.003137947,1.5959 
0.006744546,1.6067 
-0.014292226,1.5839 
-0.002465313,1.5800 
0.00737778,1.5917 
0.003762468,1.5977 
0.017803888,1.6264 
0.005885255,1.6360 
0.003904349,1.6424 
-0.002438431,1.6384 
0.012434576,1.6589 
0.001686443,1.6617 
-0.019077128,1.6303 
0.000613196,1.6313 
0.003854512,1.6376 
0.0004884,1.6384 
0.010624512,1.6559 
-0.007090724,1.6442 
-0.002191915,1.6406 
0.00188777,1.6437 
0.007213683,1.6556 
0.001569196,1.6582 
0.001626947,1.6609 
0.008871364,1.6757 
-0.000835821,1.6743 
-0.010145058,1.6574 
6.03E-05,1.6575 
0.00619495,1.6678 
0.008359256,1.6818 
-0.000416307,1.6811 
-0.003933728,1.6745 
-0.00472899,1.6666 
-0.01019217,1.6497 
0.00658553,1.6606 
-0.001446306,1.6582 
0.007270574,1.6703 
-0.010895518,1.6522 
-0.00224195,1.6485 
-0.002733487,1.6440 
0.010287534,1.6610 
0.001022956,1.6627 
-0.00524619,1.6540 
-0.00411972,1.6472 
-0.001883755,1.6441 
-0.009595184,1.6284 
-0.001474927,1.6260 
0.001044964,1.6277 
-0.001290997,1.6256 
0.003255031,1.6309 
-0.002763026,1.6264 
0.004172297,1.6332 
-0.011020583,1.6153 
0.000371379,1.6159 
-0.007329225,1.6041 
-0.004749118,1.5965 
-0.000626566,1.5955 
0.000563927,1.5964 
-0.00012529,1.5962 
0.002377825,1.6000 
-0.006269613,1.5900 
0.011008367,1.6076 
0.004964021,1.6156 
-0.004155689,1.6089 
-0.006109745,1.5991 
0.001499719,1.6015 
-0.005133353,1.5933 
0.005383088,1.6019 
0.005788818,1.6112 
0.003284075,1.6165 
0.007027522,1.6279 
0.003311667,1.6333 
-0.004417998,1.6261 
0.00472408,1.6338 
0.001345648,1.6360 
-0.004349298,1.6289 
-0.006034501,1.6191 
-0.005201572,1.6107 
0.008284949,1.6241 
-0.00617629,1.6141 
0.001671361,1.6168 
-0.002043155,1.6135 
-0.009778049,1.5978 
-0.001377842,1.5956 
0.001002255,1.5972 
-0.005398971,1.5886 
-0.008153507,1.5757 
-0.007516917,1.5639 
-0.003715571,1.5581 
0.008627078,1.5716 
-0.007857206,1.5593 
0.007029681,1.5703 
-0.000509587,1.5695 
-0.002360222,1.5658 
0.008331527,1.5789 
-0.007501624,1.5671 
-0.009295833,1.5526 
-0.003613373,1.5470 
0.000710801,1.5481 
-0.003818404,1.5422 
-0.001038017,1.5406 
-0.009259929,1.5264 
-0.002032988,1.5233 
-0.016147528,1.4989 
-0.001335203,1.4969 
0.008514653,1.5097 
-0.004447845,1.5030 
0.006697416,1.5131 
-0.004437828,1.5064 
-0.00465767,1.4994 
-0.001201201,1.4976 
0.005593303,1.5060 
0.009318993,1.5201 
-0.009983224,1.5050 
0.013201512,1.5250 
0.004318531,1.5316 
-0.004908869,1.5241 
-0.015272519,1.5010 
0.006441567,1.5107 
-0.00484391,1.5034 
-0.01036348,1.4879 
-0.004040682,1.4819 
0.005115445,1.4895 
0.005556872,1.4978 
0.006123555,1.5070 
0.00700922,1.5176 
0.007679975,1.5293 
-0.005968209,1.5202 
0.005575796,1.5287 
-0.001636715,1.5262 
-0.001836307,1.5234 
0.002818657,1.5277 
0.006004064,1.5369 
-0.000846216,1.5356 
0.001496665,1.5379 
0.005641124,1.5466 
0.000193955,1.5469 
-0.007071294,1.5360 
-0.001563722,1.5336 
0.002864958,1.5380 
0.00188379,1.5409 
-0.001428757,1.5387 
-0.000780183,1.5375 
0.005060346,1.5453 
-0.013485986,1.5246 
-0.002955958,1.5201 
0.008841791,1.5336 
-0.004574872,1.5266 
-0.002032721,1.5235 
-0.006651544,1.5134 
-0.002116683,1.5102 
-0.021890622,1.4775 
0.001690617,1.4800 
0.003709328,1.4855 
0.004835145,1.4927 
-0.006856709,1.4825 
-0.015635941,1.4595 
-0.00432589,1.4532 
-0.003170449,1.4486 
-0.014182663,1.4282 
0.01183281,1.4452 
-0.006943508,1.4352 
0.007081888,1.4454 
-0.003395824,1.4405 
0.001872595,1.4432 
-0.004026944,1.4374 
0.013131711,1.4564 
-0.007443177,1.4456 
0.005449981,1.4535 
0.007266278,1.4641 
0.00068278,1.4651 
-0.002254946,1.4618 
-0.011420833,1.4452 
0.001106501,1.4468 
-0.001175698,1.4451 
0.005864715,1.4536 
0.011355208,1.4702 
-0.010530012,1.4548 
0.012704221,1.4734 
0.004536998,1.4801 
-0.005759409,1.4716 
0.006502326,1.4812 
0.000539957,1.4820 
-0.004056801,1.4760 
0.002909044,1.4803 
0.010282694,1.4956 
-0.002275923,1.4922 
0.008873528,1.5055 
0.002719646,1.5096 
-0.002453989,1.5059 
-0.008067517,1.4938 
0.015147778,1.5166 
0.002173556,1.5199 
-0.004484017,1.5131 
0.000990851,1.5146 
0.002176423,1.5179 
-0.002770816,1.5137 
-0.005232666,1.5058 
-0.002193931,1.5025 
0.010329166,1.5181 
0.005452469,1.5264 
0.011852955,1.5446 
-0.009693339,1.5297 
-0.004389564,1.5230 
0.003015802,1.5276 
-0.007160954,1.5167 
0.005850853,1.5256 
0.010497928,1.5417 
0.004207262,1.5482 
0.007208166,1.5594 
-0.000384837,1.5588 
0.001538462,1.5612 
0.004919981,1.5689 
0.012541335,1.5887 
0.003706849,1.5946 
-0.003832746,1.5885 
0.00018884,1.5888 
0.003330299,1.5941 
-0.002575297,1.5900 
-0.003338901,1.5847 
-0.012764915,1.5646 
-0.004548229,1.5575 
0.001090898,1.5592 
0.00390463,1.5653 
-0.004995527,1.5575 
0.001283285,1.5595 
-0.000320667,1.5590 
-0.003598513,1.5534 
-0.002578318,1.5494 
-0.005825636,1.5404 
0.004469354,1.5473 
0.003226226,1.5523 
0.000257649,1.5527 
-0.004195043,1.5462 
-0.007335076,1.5349 
0.006558678,1.5450 
-0.003761109,1.5392 
0.003696382,1.5449 
-0.003761353,1.5391 
-0.002472028,1.5353 
0.007785675,1.5473 
-0.002782903,1.5430 
-0.005328494,1.5348 
0.004874729,1.5423 
0.006849342,1.5529 
0.006418919,1.5629 
-0.000191969,1.5626 
0.000191969,1.5629 
-0.00577517,1.5539 
0.004174299,1.5604 
0.002751914,1.5647 
0.002170583,1.5681 
0.008888383,1.5821 
-0.000948557,1.5806 
-0.000126542,1.5804 
-0.00075959,1.5792 
-0.005269686,1.5709 
0.006851514,1.5817 
0.00025286,1.5821 
0.004351809,1.5890 
-0.000566554,1.5881 
-0.000692892,1.5870 
0.00584301,1.5963 
-0.004898277,1.5885 
-0.005112195,1.5804 
0.005489839,1.5891 
0.007273215,1.6007 
-0.0010626,1.5990 
-0.006210616,1.5891 
-0.011773778,1.5705 
0.008369842,1.5837 
-0.008051522,1.5710 
-0.001720129,1.5683 
0.00273807,1.5726 
0.007475486,1.5844 
-0.004174315,1.5778 
0.01008963,1.5938 
0.006192358,1.6037 
0.000124704,1.6039 
-0.000249423,1.6035 
0.003921208,1.6098 
0.010627881,1.6270 
-0.00554701,1.6180 
-0.002537209,1.6139 
-0.009713046,1.5983 
0.008473043,1.6119 
0,1.6119 
-0.000186133,1.6116 
-0.004228336,1.6048 
-0.010271918,1.5884 
0.001195457,1.5903 
0.008515486,1.6039 
-0.003998256,1.5975 
-0.001252741,1.5955 
-0.011409245,1.5774 
-0.000380445,1.5768 
-0.000570939,1.5759 
-0.010974397,1.5587 
-0.001027024,1.5571 
-0.000578165,1.5562 
0.003656077,1.5619 
-0.001473651,1.5596 
0.01109493,1.5770 
-0.003493731,1.5715 
0.002605575,1.5756 
0.002851984,1.5801 
-0.002217507,1.5766 
0.002217507,1.5801 
0.003726987,1.5860 
-0.005373808,1.5775 
-0.014880372,1.5542 
0.005646108,1.5630 
-0.006160974,1.5534 
-0.001546193,1.5510 
-0.002711603,1.5468 
-0.005445365,1.5384 
0.002661562,1.5425 
0.00103674,1.5441 
-0.001360941,1.5420 
-0.003508092,1.5366 
0.008553707,1.5498 
-0.004851082,1.5423 
0.011731474,1.5605 
-0.007719562,1.5485 
0.0064371,1.5585 
-0.004630531,1.5513 
-0.00296966,1.5467 
0.00496599,1.5544 
0.001671274,1.5570 
0.001732602,1.5597 
0.010777135,1.5766 
0.004366957,1.5835 
0.001892745,1.5865 
0.00138574,1.5887 
0.004459106,1.5958 
0.002253381,1.5994 
-0.006209058,1.5895 
0.00639661,1.5997 
-0.000625313,1.5987 
-0.010753806,1.5816 
0.007182038,1.5930 
-0.000313922,1.5925 
-0.004279158,1.5857 
0.009789849,1.6013 
0.008085627,1.6143 
0.002783708,1.6188 
-0.003217426,1.6136 
-0.001612603,1.6110 
-0.000124154,1.6108 
-0.002610805,1.6066 
0.002362451,1.6104 
-0.000496894,1.6096 
-0.005544667,1.6007 
0.001810068,1.6036 
0.005410629,1.6123 
-0.001738159,1.6095 
0.004649009,1.6170 
0.004812151,1.6248 
-0.001539836,1.6223 
-0.005377188,1.6136 
0.004575535,1.6210 
-0.00463751,1.6135 
-0.00124031,1.6115 
0.008650038,1.6255 
0.000369049,1.6261 
0.003928072,1.6325 
-0.003006045,1.6276 
-0.000491642,1.6268 
-0.004188746,1.6200 
-0.002472189,1.6160 
0.002472189,1.6200 
-0.008990915,1.6055 
0.001555936,1.6080 
0.005519565,1.6169 
-0.005768352,1.6076 
-0.005426491,1.5989 
0.009461633,1.6141 
0.005498763,1.6230 
0.004365074,1.6301 
0.004223936,1.6370 
-0.007849912,1.6242 
-0.00766382,1.6118 
-0.004788715,1.6041 
-0.003184418,1.5990 
0.000812678,1.6003 
0.004489065,1.6075 
-0.002242014,1.6039 
0.004292787,1.6108 
0.001240849,1.6128 
0.01042415,1.6297 
0.001839137,1.6327 
-0.000551386,1.6318 
0.003792285,1.6380 
-0.002200221,1.6344 
-0.005398786,1.6256 
0.000553489,1.6265 
0.005151173,1.6349 
-0.001959224,1.6317 
-0.002946053,1.6269 
0.003007336,1.6318 
0.004951564,1.6399 
0.006806468,1.6511 
-0.00060584,1.6501 
-0.00054557,1.6492 
-0.000545868,1.6483 
0.008457732,1.6623 
0.000841852,1.6637 
0.004258516,1.6708 
-0.003537492,1.6649 
-0.010081278,1.6482 
0.000606539,1.6492 
-0.006631203,1.6383 
-0.000916003,1.6368 
0.001526205,1.6393 
-0.001526205,1.6368 
-0.000794548,1.6355 
-0.004166417,1.6287 
-0.005479466,1.6198 
0,1.6198 
0.002897391,1.6245 
-0.004751189,1.6168 
0.003580914,1.6226 
0.000369709,1.6232 
-0.007047943,1.6118 
0.003715635,1.6178 
0.005732088,1.6271 
0.006920867,1.6384 
0.007418702,1.6506 
-0.001940571,1.6474 
-0.001397115,1.6451 
-0.008056192,1.6319 
0.002875939,1.6366 
0.003659433,1.6426 
-0.004331784,1.6355 
0.00494039,1.6436 
-0.002619637,1.6393 
-0.001465112,1.6369 
-0.008774408,1.6226 
0.009140888,1.6375 
-0.000122145,1.6373 
-0.012043156,1.6177 
-0.000618353,1.6167 
0.001792171,1.6196 
0.000308671,1.6201 
0.00215803,1.6236 
-0.010525761,1.6066 
-0.003179455,1.6015 
-0.003628179,1.5957 
0.001753178,1.5985 
0.000500344,1.5993 
0.004180582,1.6060 
-0.001183764,1.6041 
0.002055115,1.6074 
0.00105705,1.6091 
-0.001679366,1.6064 
-0.003992021,1.6000 
-0.002002003,1.5968 
0.005620448,1.6058 
-0.009447904,1.5907 
0.001758684,1.5935 
0.01377355,1.6156 
-0.000866927,1.6142 
-0.000867679,1.6128 
-0.005097295,1.6046 
0.004911265,1.6125 
0.001611105,1.6151 
0.010164254,1.6316 
-0.000981114,1.6300 
-0.001227747,1.6280 
0.00850184,1.6419 
-0.005496533,1.6329 
0.002568809,1.6371 
0.003962574,1.6436 
-0.007879588,1.6307 
-0.001657103,1.6280 
0.00953669,1.6436 
-0.010888956,1.6258 
0.008147308,1.6391 
-0.004770068,1.6313 
0.00061282,1.6323 
-0.011894264,1.6130 
0.006611696,1.6237 
0.002399042,1.6276 
0.006735682,1.6386 
0.003898165,1.6450 
0.005456212,1.6540 
-0.002178914,1.6504 
-0.002487337,1.6463 
-0.000182243,1.6460 
0.001881582,1.6491 
-0.008036573,1.6359 
-0.004963702,1.6278 
0.00545261,1.6367 
0.002867517,1.6414 
-0.006969521,1.6300 
-0.003010662,1.6251 
-0.004193137,1.6183 
0.002037101,1.6216 
-0.006682366,1.6108 
-0.010296182,1.5943 
0.002630921,1.5985 
-0.001502536,1.5961 
-0.005087791,1.5880 
-0.001449413,1.5857 
-0.004931101,1.5779 
-0.000951083,1.5764 
0.001901262,1.5794 
-0.000633352,1.5784 
-0.005973202,1.5690 
0.002863964,1.5735 
-0.014531511,1.5508 
-0.011153014,1.5336 
0.008247068,1.5463 
0.005996343,1.5556 
0.005001614,1.5634 
-0.004551728,1.5563 
0.002502809,1.5602 
-0.001218535,1.5583 
-0.009802103,1.5431 
0.002782723,1.5474 
-0.00148747,1.5451 
-0.001165652,1.5433 
0.008002624,1.5557 
0.006407403,1.5657 
-0.004224277,1.5591 
0.009765516,1.5744 
0.001015744,1.5760 
0.003863087,1.5821 
-0.005132928,1.5740 
-0.002480838,1.5701 
0.004448406,1.5771 
0.000823958,1.5784 
0.010273955,1.5947 
0.002692803,1.5990 
0.000750188,1.6002 
-0.002753444,1.5958 
0.008672648,1.6097 
0.002047973,1.6130 
-0.003104628,1.6080 
-0.00830554,1.5947 
0,1.5947 
0.005316001,1.6032 
-0.000187143,1.6029 
0.00174531,1.6057 
0.001866601,1.6087 
-0.010309692,1.5922 
0.000565096,1.5931 
0.008376096,1.6065 
-0.00969515,1.5910 
-0.005736093,1.5819 
-0.005514895,1.5732 
0.001207001,1.5751 
0.002916193,1.5797 
-0.010180148,1.5637 
-0.000447756,1.5630 
-0.006998199,1.5521 
-0.001934736,1.5491 
-0.003815935,1.5432 
0.00478377,1.5506 
0.005466779,1.5591 
0.007285308,1.5705 
-0.001019303,1.5689 
-0.006201868,1.5592 
0.003457331,1.5646 
-0.003008484,1.5599 
0.006963327,1.5708 
-0.005233943,1.5626 
0.002684222,1.5668 
-0.005632375,1.5580 
-0.006503774,1.5479 
-0.00090486,1.5465 
0.002905571,1.5510 
0.001996716,1.5541 
-0.002899767,1.5496 
0.010527764,1.5660 
0.00102119,1.5676 
-0.000191394,1.5673 
-0.00575891,1.5583 
0.002819611,1.5627 
0.002684051,1.5669 
-0.013751663,1.5455 
-0.002591514,1.5415 
0.007754482,1.5535 
-0.001481625,1.5512 
0.008601375,1.5646 
-0.001919264,1.5616 
-0.007972268,1.5492 
-0.00446386,1.5423 
0.002396141,1.5460 
0.001357422,1.5481 
-0.010127984,1.5325 
0.000456666,1.5332 
-0.001240007,1.5313 
0.000522296,1.5321 
0.000717711,1.5332 
0.006825078,1.5437 
0.003298305,1.5488 
0.005408899,1.5572 
0.003269758,1.5623 
0.002046167,1.5655 
0.00197824,1.5686 
0.002419613,1.5724 
-0.000954411,1.5709 
0.003431625,1.5763 
0.004241452,1.5830 
-0.001707078,1.5803 
0.00082229,1.5816 
0.000505689,1.5824 
0.004602637,1.5897 
-0.005234789,1.5814 
0.000189687,1.5817 
-0.003927536,1.5755 
0.000634518,1.5765 
-0.004641265,1.5692 
-0.000127462,1.5690 
0.007049662,1.5801 
0.001391349,1.5823 
0.00151563,1.5847 
-0.00449041,1.5776 
-0.006997039,1.5666 
0.004776014,1.5741 
0.008539762,1.5876 
-0.003407158,1.5822 
0.004854838,1.5899 
0.001068678,1.5916 
0.002384689,1.5954 
-0.007802708,1.5830 
0.00208248,1.5863 
-0.009182801,1.5718 
0.001335156,1.5739 
0.005638815,1.5828 
-0.009904843,1.5672 
-0.002555585,1.5632 
0.004659038,1.5705 
-0.002486374,1.5666 
0.002868345,1.5711 
0.007608939,1.5831 
0.003657003,1.5889 
-0.002142138,1.5855 
0.000567483,1.5864 
-0.003156768,1.5814 
0.003408879,1.5868 
0.006156959,1.5966 
-0.001253447,1.5946 
-0.003769796,1.5886 
0.004020611,1.5950 
0.003442344,1.6005 
0.000936768,1.6020 
-0.006890099,1.5910 
-0.001320796,1.5889 
-0.004099271,1.5824 
0.001704815,1.5851 
0.002834915,1.5896 
-0.002141194,1.5862 
0.002832952,1.5907 
0.00307567,1.5956 
-0.0064131,1.5854 
0.002708578,1.5897 
0.001571388,1.5922 
0.005886422,1.6016 
0.002120627,1.6050 
0.004289851,1.6119 
0.000248124,1.6123 
0.001115795,1.6141 
0.001609509,1.6167 
0.000618353,1.6177 
0.005117624,1.6260 
-0.001538699,1.6235 
-0.001232666,1.6215 
-0.001295936,1.6194 
-0.000988509,1.6178 
-0.002103831,1.6144 
0.003030586,1.6193 
-0.002535169,1.6152 
-0.001362989,1.6130 
-0.000124,1.6128 
-0.003851654,1.6066 
0.001865556,1.6096 
-0.006232103,1.5996 
-0.005453704,1.5909 
-0.008141671,1.5780 
0.00227877,1.5816 
0.000316086,1.5821 
-0.003609312,1.5764 
-0.004769029,1.5689 
-0.00140324,1.5667 
-0.000638488,1.5657 
0.001595456,1.5682 
-0.003257436,1.5631 
-0.009771855,1.5479 
-0.004921971,1.5403 
-0.002730466,1.5361 
0.001236134,1.5380 
-0.00045524,1.5373 
0.007517371,1.5489 
0.002772317,1.5532 
-0.005034542,1.5454 
0.001164069,1.5472 
0.00605711,1.5566 
-0.003733029,1.5508 
0.002768925,1.5551 
0.009854188,1.5705 
-0.002422544,1.5667 
0.003631618,1.5724 
-0.001145403,1.5706 
-0.006964217,1.5597 
-0.00134732,1.5576 
-0.000321058,1.5571 
0.004101781,1.5635 
-0.004422942,1.5566 
-0.003346206,1.5514 
0.012299963,1.5706 
-0.000955505,1.5691 
-0.000318705,1.5686 
-0.005946499,1.5593 
-0.004692581,1.5520 
-0.00199942,1.5489 
0.002257119,1.5524 
-0.000644371,1.5514 
-0.000773794,1.5502 
-0.004655381,1.5430 
0.009289191,1.5574 
0.003717238,1.5632 
0.000703437,1.5643 
0.000575172,1.5652 
0.004080597,1.5716 
-0.00619118,1.5619 
-0.007648098,1.5500 
0.000129024,1.5502 
-0.000580739,1.5493 
0.012125249,1.5682 
0.002865423,1.5727 
-0.001272508,1.5707 
-0.002103184,1.5674 
-0.008779013,1.5537 
-0.001416978,1.5515 
0.008152306,1.5642 
-0.002816903,1.5598 
0.001409444,1.5620 
0.002302086,1.5656 
-0.001470165,1.5633 
0.003193259,1.5683 
-0.000191308,1.5680 
-0.000318928,1.5675 
0.000191369,1.5678 
0.00356552,1.5734 
-0.002354365,1.5697 
0.000509522,1.5705 
0.004890917,1.5782 
0.006253376,1.5881 
-0.001512383,1.5857 
-0.003601103,1.5800 
-0.000696445,1.5789 
0.001835037,1.5818 
0.000631991,1.5828 
-0.002847112,1.5783 
0.005055942,1.5863 
0.00132296,1.5884 
-0.000692761,1.5873 
0.001699557,1.5900 
0.002073321,1.5933 
0.005695168,1.6024 
0.002679881,1.6067 
0.002486481,1.6107 
0.002604168,1.6149 
0.003831896,1.6211 
0.0022798,1.6248 
-0.000430915,1.6241 
-0.001355515,1.6219 
-0.000308328,1.6214 
0.000308328,1.6219 
0.000123305,1.6221 
-0.001727649,1.6193 
-0.001668779,1.6166 
0.004197537,1.6234 
-0.004568755,1.6160 
-0.001796167,1.6131 
-0.000248,1.6127 
-0.002980813,1.6079 
0.00694146,1.6191 
-0.00377464,1.6130 
-0.00684295,1.6020 
-0.001186721,1.6001 
0,1.6001 
0.002870696,1.6047 
0.001432264,1.6070 
0,1.6070 
0.003106557,1.6120 
0.001177966,1.6139 
-0.005654472,1.6048 
-0.00324554,1.5996 
0.000937295,1.6011 
-0.003817157,1.5950 
0.005315004,1.6035 
0.005100782,1.6117 
-0.001614506,1.6091 
-0.003922917,1.6028 
0.003052486,1.6077 
0.003167213,1.6128 
-0.000372093,1.6122 
-0.005660451,1.6031 
-0.003248988,1.5979 
0.00137586,1.6001 
-0.001000438,1.5985 
-0.000312842,1.5980 
-0.005270435,1.5896 
-0.00125897,1.5876 
-0.000378,1.5870 
-0.001892148,1.5840 
0.001387925,1.5862 
0.001323043,1.5883 
0.001572772,1.5908 
0.000816865,1.5921 
0.001882531,1.5951 
-0.000752587,1.5939 
0.005630646,1.6029 
-6.24E-05,1.6028 
-0.000312003,1.6023 
-0.000499407,1.6015 
0.001559819,1.6040 
-0.001997005,1.6008 
0.005109364,1.6090 
0.000434958,1.6097 
-0.000497111,1.6089 
-0.002489266,1.6049 
-0.000498598,1.6041 
0.001992901,1.6073 
0.00242349,1.6112 
0.002231867,1.6148 
-0.002293934,1.6111 
0.003408003,1.6166 
0.002286139,1.6203 
0.002958035,1.6251 
-0.000430836,1.6244 
0.002152324,1.6279 
-0.006841954,1.6168 
-0.002973243,1.6120 
0.000248108,1.6124 
0.000743955,1.6136 
-0.00235776,1.6098 
0.004338939,1.6168 
0.004628067,1.6243 
0.000553931,1.6252 
-0.008899935,1.6108 
-0.002486326,1.6068 
0.002858743,1.6114 
-0.00373042,1.6054 
-0.001995262,1.6022 
0.00870003,1.6162 
-0.002167922,1.6127 
-0.003229616,1.6075 
-0.00074678,1.6063 
-0.003617317,1.6005 
-0.000687522,1.5994 
-0.008224298,1.5863 
-0.002145653,1.5829 
0.000505274,1.5837 
0.000505019,1.5845 
-0.003730522,1.5786 
0.000759878,1.5798 
-0.006732321,1.5692 
0.004387506,1.5761 
0.002408113,1.5799 
0.003538261,1.5855 
-0.010015297,1.5697 
0.004132369,1.5762 
-0.006492289,1.5660 
-0.000127722,1.5658 
0.003251828,1.5709 
0.005333007,1.5793 
-0.008648703,1.5657 
0.000191589,1.5660 
-0.007692346,1.5540 
-0.003158135,1.5491 
0.001419172,1.5513 
-0.003098976,1.5465 
-0.002589836,1.5425 
-0.012656745,1.5231 
0.001181102,1.5249 
-0.00486459,1.5175 
-0.000791087,1.5163 
-0.002575364,1.5124 
0.002179585,1.5157 
0.000395778,1.5163 
-0.008344419,1.5037 
0.0049753,1.5112 
0.000925987,1.5126 
-0.007232225,1.5017 
-0.000333011,1.5012 
-0.006482463,1.4915 
0,1.4915 
-0.001207568,1.4897 
0.001341652,1.4917 
0.011265659,1.5086 
0.001854305,1.5114 
-0.000463254,1.5107 
-0.001324767,1.5087 
0.000861298,1.5100 
0.004427271,1.5167 
0.00407949,1.5229 
-0.003815794,1.5171 
-0.000923239,1.5157 
-0.002113468,1.5125 
0.004156638,1.5188 
0.001513208,1.5211 
0.000985643,1.5226 
-0.008111093,1.5103 
0.001720032,1.5129 
0.00691634,1.5234 
0.006608026,1.5335 
-0.004640683,1.5264 
0.003596773,1.5319 
0.000456845,1.5326 
0.003777276,1.5384 
-0.002994599,1.5338 
-0.003199794,1.5289 
0.004828406,1.5363 
-0.007972856,1.5241 
0.002490172,1.5279 
-0.003409169,1.5227 
0.003932626,1.5287 
-0.003407382,1.5235 
0.001967214,1.5265 
0.011010242,1.5434 
0.001036135,1.5450 
0.002779306,1.5493 
0.002578484,1.5533 
0.001543905,1.5557 
-0.001608286,1.5532 
0.002572018,1.5572 
-0.002121437,1.5539 
-0.003804125,1.5480 
0.003804125,1.5539 
-0.005873448,1.5448 
-0.005647715,1.5361 
-0.003913644,1.5301 
-0.005504962,1.5217 
0.000394218,1.5223 
0.003410063,1.5275 
-0.00702956,1.5168 
0.005850469,1.5257 
-0.007037882,1.5150 
-0.007154244,1.5042 
0.004245727,1.5106 
0.001323102,1.5126 
-0.001058341,1.5110 
-0.005108992,1.5033 
0.006167333,1.5126 
0.007114655,1.5234 
-0.002431732,1.5197 
0.007930568,1.5318 
-0.000261165,1.5314 
0.005924689,1.5405 
0.011680943,1.5586 
-0.002183828,1.5552 
0.001220962,1.5571 
0.004741167,1.5645 
0.002043293,1.5677 
0.002611882,1.5718 
-0.00114584,1.5700 
0.001082217,1.5717 
-0.005103028,1.5637 
-0.009703511,1.5486 
0.001226163,1.5505 
-0.005691756,1.5417 
0.000972479,1.5432 
-0.000518538,1.5424 
-0.007287903,1.5312 
-0.003663966,1.5256 
-0.003282781,1.5206 
0.000591697,1.5215 
-0.004083251,1.5153 
0.008215353,1.5278 
-0.013575167,1.5072 
-0.011947414,1.4893 
0.003485492,1.4945 
-0.005367339,1.4865 
0.013298335,1.5064 
0.00786859,1.5183 
-0.005614096,1.5098 
0,1.5098 
0.003240208,1.5147 
0.004347833,1.5213 
0.000985513,1.5228 
0.001968117,1.5258 
0.006402321,1.5356 
0.00097634,1.5371 
-0.003715175,1.5314 
0.004430552,1.5382 
0.000130014,1.5384 
-0.002929404,1.5339 
-0.006671924,1.5237 
-0.00256284,1.5198 
-0.005277753,1.5118 
0.01105129,1.5286 
0.00443865,1.5354 
-0.000390854,1.5348 
0.009144922,1.5489 
0.003094182,1.5537 
-0.002190723,1.5503 
-0.002971578,1.5457 
-0.000647165,1.5447 
0.003489728,1.5501 
0.009182919,1.5644 
-0.002111663,1.5611 
0.002303411,1.5647 
0.001149719,1.5665 
-0.000510823,1.5657 
-0.004673354,1.5584 
-0.000962989,1.5569 
0.00051371,1.5577 
-0.002185091,1.5543 
-0.001158749,1.5525 
-0.00154709,1.5501 
6.45E-05,1.5502 
0.002834323,1.5546 
0.000707327,1.5557 
0.004233489,1.5623 
-0.002306954,1.5587 
0.002818888,1.5631 
0.003894906,1.5692 
0.002355114,1.5729 
0.005832029,1.5821 
-0.000885292,1.5807 
0.003977655,1.5870 
0.001636971,1.5896 
0.000628891,1.5906 
0.014294429,1.6135 
-0.006591244,1.6029 
-0.001498408,1.6005 
0.002184429,1.6040 
-0.00249688,1.6000 
0.004800957,1.6077 
-0.002428773,1.6038 
0.006153866,1.6137 
0.002908328,1.6184 
0.000432432,1.6191 
0.002159362,1.6226 
-0.004261502,1.6157 
-0.009014951,1.6012 
0.004797368,1.6089 
-0.000372995,1.6083 
-0.008303984,1.5950 
0.001253133,1.5970 
-0.001127749,1.5952 
0.001816303,1.5981 
0.000813135,1.5994 
-0.002441392,1.5955 
0.012828673,1.6161 
0.000804082,1.6174 
-0.001918495,1.6143 
0.005374862,1.6230 
-0.004136702,1.6163 
0.002286563,1.6200 
-0.002100971,1.6166 
-0.001671568,1.6139 
-0.005841428,1.6045 
-0.000436368,1.6038 
0,1.6038 
-0.007887365,1.5912 
0.003450551,1.5967 
0.004686191,1.6042 
0.002241595,1.6078 
0.000932517,1.6093 
-0.004858612,1.6015 
-0.001875001,1.5985 
-0.005017257,1.5905 
0.009449086,1.6056 
0.000498132,1.6064 
0.003169772,1.6115 
-0.000372393,1.6109 
0.000682615,1.6120 
-0.000868864,1.6106 
0.005757639,1.6199 
0.001480476,1.6223 
-0.004262291,1.6154 
0.003769043,1.6215 
0.004369103,1.6286 
0.003371444,1.6341 
0.001712015,1.6369 
-0.0007945,1.6356 
0.002137601,1.6391 
-0.000488192,1.6383 
-0.002934167,1.6335 
0.000673174,1.6346 
0.004882226,1.6426 
0.001034409,1.6443 
-0.004083006,1.6376 
-0.001588951,1.6350 
-0.003369585,1.6295 
0.000245444,1.6299 
-0.002334153,1.6261 
0.00790179,1.6390 
-0.000915611,1.6375 
-0.002445736,1.6335 
0.001162471,1.6354 
0.000244559,1.6358 
-0.001100985,1.6340 
0.004213875,1.6409 
0.004135504,1.6477 
0.001091836,1.6495 
0.003872456,1.6559 
-0.006786671,1.6447 
-0.002008461,1.6414 
-0.000731351,1.6402 
-6.10E-05,1.6401 
0.002800781,1.6447 
0.001883068,1.6478 
0.000121367,1.6480 
-0.005598165,1.6388 
0.003046368,1.6438 
-0.004145336,1.6370 
-0.001039025,1.6353 
0.003845102,1.6416 
0.000791597,1.6429 
0.002978092,1.6478 
0.005688366,1.6572 
0.003854498,1.6636 
-0.009057486,1.6486 
0.005806234,1.6582 
-0.000361904,1.6576 
-0.0007242,1.6564 
-0.004780789,1.6485 
-0.002976826,1.6436 
-0.007818266,1.6308 
0.000919371,1.6323 
-0.000919371,1.6308 
0.000735565,1.6320 
0.005194817,1.6405 
-0.000243858,1.6401 
0.002983169,1.6450 
0.008775968,1.6595 
0.003729103,1.6657 
0.005328875,1.6746 
-0.0020324,1.6712 
-0.001916627,1.6680 
-6.00E-05,1.6679 
-0.001620114,1.6652 
-0.002164243,1.6616 
0.002104188,1.6651 
0.001740122,1.6680 
-0.000539714,1.6671 
0.000899362,1.6686 
0.003290756,1.6741 
-0.004610096,1.6664 
-6.00E-05,1.6663 
0.003355105,1.6719 
0.001135786,1.6738 
-0.001494724,1.6713 
-0.004076989,1.6645 
-0.001803969,1.6615 
0.000180543,1.6618 
0.000360989,1.6624 
0.001202357,1.6644 
-0.000721241,1.6632 
-0.002468171,1.6591 
-0.003562483,1.6532 
-0.001452785,1.6508 
-0.001515565,1.6483 
0.000788381,1.6496 
0,1.6496 
0.004958588,1.6578 
0.001747778,1.6607 
0.001804837,1.6637 
0.001681581,1.6665 
-0.002102419,1.6630 
-0.000360859,1.6624 
-0.001866515,1.6593 
-0.001206055,1.6573 
0.002049428,1.6607 
0.008335131,1.6746 
0.002624047,1.6790 
-0.000297841,1.6785 
-0.00334189,1.6729 
-0.000418523,1.6722 
0.000239177,1.6726 
0.004235904,1.6797 
-0.000297717,1.6792 
-0.000238237,1.6788 
0.000297787,1.6793 
0.001784865,1.6823 
-0.002618893,1.6779 
0.001310304,1.6801 
-0.000357185,1.6795 
0.00077374,1.6808 
0.000951475,1.6824 
0.002908273,1.6873 
0.000888599,1.6888 
-0.000888599,1.6873 
-0.000296375,1.6868 
0.006146591,1.6972 
-0.001061133,1.6954 
-0.001416598,1.6930 
-0.005033319,1.6845 
0.001305173,1.6867 
-0.002374311,1.6827 
-0.003631713,1.6766 
0.001370884,1.6789 
0.001547435,1.6815 
-0.000118948,1.6813 
0.001426449,1.6837 
0.003557246,1.6897 
-0.00183633,1.6866 
-0.002136753,1.6830 
0.000534616,1.6839 
-0.001842661,1.6808 
-0.005787778,1.6711 
0.000299159,1.6716 
0.001673641,1.6744 
0.000119439,1.6746 
0.000119424,1.6748 
-0.000776513,1.6735 
0.004650062,1.6813 
-0.001071174,1.6795 
0.000416704,1.6802 
-0.002860891,1.6754 
0.002146435,1.6790 
0.008126509,1.6927 
0.002006611,1.6961 
0.001060695,1.6979 
-0.001119656,1.6960 
0.001767305,1.6990 
0.002879899,1.7039 
-0.001703428,1.7010 
0.000998913,1.7027 
-0.002469718,1.6985 
-0.00023553,1.6981 
0.002529041,1.7024 
0.000528526,1.7033 
0.004510449,1.7110 
0.002218461,1.7148 
0.000990878,1.7165 
-0.000874253,1.7150 
0.000466364,1.7158 
-0.001749986,1.7128 
0.000116761,1.7130 
-0.000116761,1.7128 
0.000175136,1.7131 
-0.000992846,1.7114 
-0.001754489,1.7084 
0.003389239,1.7142 
-0.000233372,1.7138 
-0.002278238,1.7099 
-0.000936165,1.7083 
-0.000585549,1.7073 
-0.000527287,1.7064 
-0.00140746,1.7040 
-0.003115176,1.6987 
-0.000824499,1.6973 
0.000530113,1.6982 
-0.002240171,1.6944 
-0.00189036,1.6912 
-0.001657001,1.6884 
-0.003916687,1.6818 
0.002434897,1.6859 
0.001363327,1.6882 
-0.001778621,1.6852 
-0.001187508,1.6832 
-0.003630632,1.6771 
0.000953573,1.6787 
0.00136917,1.6810 
-0.007224128,1.6689 
-0.000239708,1.6685 
0.000179786,1.6688 
0.002334282,1.6727 
-0.006718279,1.6615 
-0.001264718,1.6594 
-0.00090435,1.6579 
-0.000844799,1.6565 
0.000241444,1.6569 
-0.00175179,1.6540 
0.001993176,1.6573 
0.000844391,1.6587 
0.000542446,1.6596 
0.000722805,1.6608 
-0.008343963,1.6470 
-0.000607349,1.6460 
-0.008786974,1.6316 
0.000428935,1.6323 
-0.014066491,1.6095 
0.000621118,1.6105 
0.005943186,1.6201 
0.004557219,1.6275 
-0.000676112,1.6264 
-0.002215931,1.6228 
0.002523311,1.6269 
-0.000860903,1.6255 
0.011438483,1.6442 
-0.009594598,1.6285 
0.004594892,1.6360 
0.001832062,1.6390 
-0.003361348,1.6335 
-0.001102536,1.6317 
-0.004545462,1.6243 
-0.000123138,1.6241 
-0.0015405,1.6216 
-0.002037101,1.6183 
-0.001979341,1.6151 
-0.011708423,1.5963 
0.006680635,1.6070 
0.001616614,1.6096 
0.003844489,1.6158 
-0.002478623,1.6118 
-0.00298248,1.6070 
0.000186666,1.6073 
-0.010570196,1.5904 
0.006143065,1.6002 
0.004302691,1.6071 
0.001243704,1.6091 
0.004031388,1.6156 
-0.00247893,1.6116 
-0.004789311,1.6039 
-0.000498909,1.6031 
0.003362813,1.6085 
0.001925407,1.6116 
0.000868325,1.6130 
-0.007404906,1.6011 
-0.000624766,1.6001 
-0.000687693,1.5990 
-0.001439434,1.5967 
0.002252112,1.6003 
-0.001688609,1.5976 
-0.008864916,1.5835 
0.002018801,1.5867 
-0.001639965,1.5841 
0.004849029,1.5918 
-0.008897361,1.5777 
-0.004383047,1.5708 
-0.002613547,1.5667 
-0.001788795,1.5639 
-0.00038373,1.5633 
0.003065724,1.5681 
0.00070124,1.5692 
-0.002680111,1.5650 
0.003635556,1.5707 
-0.000254696,1.5703 
0.005588381,1.5791 
-0.003489076,1.5736 
-0.005671876,1.5647 
0.005226937,1.5729 
-0.005674407,1.5640 
0.002745588,1.5683 
-0.000574035,1.5674 
-0.005694375,1.5585 
0.004289791,1.5652 
0.000894055,1.5666 
0.003059276,1.5714 
0.000954108,1.5729 
-0.000508744,1.5721 
-0.005293549,1.5638 
0.007073021,1.5749 
-0.002861414,1.5704 
-0.002167401,1.5670 
-0.003259934,1.5619 
-0.001986734,1.5588 
-0.004371873,1.5520 
0.002124031,1.5553 
0,1.5553 
0.00032143,1.5558 
-0.002703226,1.5516 
0.003024553,1.5563 
0.000834966,1.5576 
-0.016180536,1.5326 
-0.004971229,1.5250 
-0.006578971,1.5150 
-0.002511402,1.5112 
-0.001523129,1.5089 
0.004694379,1.5160 
0.000725331,1.5171 
-0.000989218,1.5156 
0.005067634,1.5233 
-0.003353612,1.5182 
-0.002968438,1.5137 
-0.001785301,1.5110 
0.002445716,1.5147 
-0.000330153,1.5142 
-0.008955581,1.5007 
-0.0013336,1.4987 
0.006252515,1.5081 
0.007530753,1.5195 
-0.003758287,1.5138 
-0.004900348,1.5064 
-0.001195616,1.5046 
-0.000664849,1.5036 
0.008674689,1.5167 
0.000988501,1.5182 
0.009570706,1.5328 
-0.005364048,1.5246 
-0.002166848,1.5213 
0.002560317,1.5252 
-0.000983962,1.5237 
0.009601328,1.5384 
0.000974564,1.5399 
-0.002340551,1.5363 
-0.000976849,1.5348 
0.005652486,1.5435 
-0.001426349,1.5413 
-0.001168528,1.5395 
0.003954496,1.5456 
-6.47E-05,1.5455 
0.001034728,1.5471 
-0.003950654,1.5410 
0.001556219,1.5434 
-0.004741038,1.5361 
0,1.5361 
-0.006334715,1.5264 
-0.001770434,1.5237 
-0.012813914,1.5043 
0.00556846,1.5127 
-0.00483749,1.5054 
-0.008338107,1.4929 
-0.003153201,1.4882 
-0.009587542,1.4740 
0.005817509,1.4826 
-0.005681833,1.4742 
0.014411994,1.4956 
-0.013462777,1.4756 
0.01306152,1.4950 
0.00013377,1.4952 
-0.007316697,1.4843 
0.002758437,1.4884 
-0.002354288,1.4849 
0.001816653,1.4876 
-0.00505443,1.4801 
0.001485282,1.4823 
0.000202368,1.4826 
0.000472032,1.4833 
0.005647074,1.4917 
-0.001878817,1.4889 
-0.005117512,1.4813 
0.003840587,1.4870 
-0.010954197,1.4708 
-0.005317348,1.4630 
0.002798541,1.4671 
0.007199162,1.4777 
0.003715091,1.4832 
0.006853484,1.4934 
0.001672633,1.4959 
-0.003683492,1.4904 
0.001408026,1.4925 
0.007143603,1.5032 
0.001794557,1.5059 
0.008529823,1.5188 
0.002630196,1.5228 
0.007067167,1.5336 
0.00604585,1.5429 
-0.005394002,1.5346 
-0.013646715,1.5138 
-0.000991375,1.5123 
0.00369613,1.5179 
0.004273089,1.5244 
0.011349675,1.5418 
0.002591011,1.5458 
0.008246407,1.5586 
0.005502605,1.5672 
0.004329562,1.5740 
0.002094375,1.5773 
-0.003365831,1.5720 
-0.004271195,1.5653 
-0.009242091,1.5509 
0.001288743,1.5529 
0.008144987,1.5656 
-0.010724136,1.5489 
-0.001421373,1.5467 
-0.005575741,1.5381 
-0.001952363,1.5351 
-0.002217296,1.5317 
-0.001568115,1.5293 
-0.006231367,1.5198 
0.009560678,1.5344 
-0.000912825,1.5330 
0.001694584,1.5356 
-0.005812641,1.5267 
0.004900529,1.5342 
0.002538816,1.5381 
0.008416468,1.5511 
6.45E-05,1.5512 
0.003410886,1.5565 
0.001989667,1.5596 
0.003264734,1.5647 
0.011564495,1.5829 
0.003153781,1.5879 
6.30E-05,1.5880 
-0.003911924,1.5818 
-0.005960325,1.5724 
-0.001336431,1.5703 
0.002289932,1.5739 
0.000254113,1.5743 
-0.000635405,1.5733 
-0.001335666,1.5712 
-0.006128722,1.5616 
-0.001473934,1.5593 
-0.001540338,1.5569 
0.002245534,1.5604 
-0.009594716,1.5455 
-0.005905465,1.5364 
0.000910806,1.5378 
0.008740465,1.5513 
-0.00167742,1.5487 
0.009319133,1.5632 
6.40E-05,1.5633 
-0.001728609,1.5606 
-0.000320441,1.5601 
-0.002760039,1.5558 
-0.000128559,1.5556 
0.003721531,1.5614 
-0.006618498,1.5511 
-0.000257915,1.5507 
0.003347714,1.5559 
0.003272485,1.5610 
-0.000704925,1.5599 
-0.00025646,1.5595 
0.001537772,1.5619 
-0.002179209,1.5585 
-0.001348358,1.5564 
0.002118033,1.5597 
-0.005400206,1.5513 
-0.00122553,1.5494 
0.005984381,1.5587 
-0.000705965,1.5576 
0.002180466,1.5610 
0,1.5610 
0.001983937,1.5641 
-0.003586758,1.5585 
0.005120011,1.5665 
0.000957091,1.5680 
0.000701285,1.5691 
-0.00012747,1.5689 
0.003817041,1.5749 
-0.003880782,1.5688 
-0.014316683,1.5465 
-0.003757455,1.5407 
0.000648845,1.5417 
0,1.5417 
-0.007421909,1.5303 
-0.000326787,1.5298 
-0.003077026,1.5251 
-0.005654934,1.5165 
0.007096422,1.5273 
0.007696359,1.5391 
-0.002081302,1.5359 
0.005389448,1.5442 
-0.001036672,1.5426 
-6.48E-05,1.5425 
-0.005525774,1.5340 
0.009859966,1.5492 
0.005471706,1.5577 
-0.003086224,1.5529 
-0.001546691,1.5505 
-0.009330723,1.5361 
-0.007514656,1.5246 
-0.00203539,1.5215 
-0.002500659,1.5177 
-0.000527252,1.5169 
-0.001055339,1.5153 
-0.001981768,1.5123 
0.000396668,1.5129 
0.003694667,1.5185 
-0.002439588,1.5148 
0.005529968,1.5232 
0.005499556,1.5316 
0.001891654,1.5345 
-0.002152853,1.5312 
0.002022509,1.5343 
-0.006145417,1.5249 
0.015293306,1.5484 
-0.001227827,1.5465 
-0.001941748,1.5435 
0.001683066,1.5461 
-0.001164898,1.5443 
-0.001944517,1.5413 
-0.001623324,1.5388 
-0.005081775,1.5310 
0.002478963,1.5348 
-0.00287094,1.5304 
-0.002486099,1.5266 
0.002878076,1.5310 
0.00748336,1.5425 
-0.000648508,1.5415 
0.00051884,1.5423 
-0.002466893,1.5385 
-0.011702922,1.5206 
-0.010444995,1.5048 
0.004244038,1.5112 
0.000396957,1.5118 
0.006132763,1.5211 
0.001445277,1.5233 
-0.001576769,1.5209 
-0.00046036,1.5202 
0.000591852,1.5211 
0.001313974,1.5231 
0.003866195,1.5290 
-0.006561703,1.5190 
-0.00455281,1.5121 
-0.002582526,1.5082 
0.003045352,1.5128 
-0.001852588,1.5100 
-0.004580009,1.5031 
0.001661848,1.5056 
0.001659091,1.5081 
-0.008791265,1.4949 
0.012893971,1.5143 
-0.002512564,1.5105 
-0.003448508,1.5053 
-0.002993915,1.5008 
0.01139538,1.5180 
-0.001252431,1.5161 
0.003949712,1.5221 
-0.005335805,1.5140 
-0.006892922,1.5036 
-0.002463793,1.4999 
-0.0064881,1.4902 
-0.000738429,1.4891 
-0.000537382,1.4883 
-0.003904677,1.4825 
0.002896308,1.4868 
0.002686729,1.4908 
0.001139678,1.4925 
-0.003221263,1.4877 
-0.004108718,1.4816 
0.000269942,1.4820 
-0.005819872,1.4734 
-0.001426292,1.4713 
-0.00251795,1.4676 
-0.003139291,1.4630 
-0.001094242,1.4614 
-0.006797376,1.4515 
0.001858417,1.4542 
-0.0063466,1.4450 
-0.003119046,1.4405 
0.000416435,1.4411 
-0.010673651,1.4258 
-0.001122807,1.4242 
-0.005986144,1.4157 
0.00232829,1.4190 
0.002111933,1.4220 
0.002879114,1.4261 
-0.000982181,1.4247 
0.007064201,1.4348 
-0.008117609,1.4232 
0.008814328,1.4358 
-0.008111933,1.4242 
0.013183325,1.4431 
-0.001595063,1.4408 
0.013100925,1.4598 
-0.000616713,1.4589 
-0.006395071,1.4496 
-0.004494079,1.4431 
0.002560644,1.4468 
0.004000833,1.4526 
-0.003517124,1.4475 
0.002208268,1.4507 
-0.005321919,1.4430 
-0.008700246,1.4305 
-0.000769258,1.4294 
0.003073487,1.4338 
0.003967569,1.4395 
-0.0171663,1.4150 
-0.009443745,1.4017 
-0.006585093,1.3925 
0.002510312,1.3960 
-0.006467863,1.3870 
0.003167293,1.3914 
0.002583981,1.3950 
0.009204817,1.4079 
0.006654421,1.4173 
0.003802821,1.4227 
0.00245709,1.4262 
-0.003582345,1.4211 
0.000351778,1.4216 
0.004561892,1.4281 
0.007256015,1.4385 
-0.005856532,1.4301 
-0.010544172,1.4151 
0.007041787,1.4251 
0.015319567,1.4471 
0.000552677,1.4479 
-0.007695812,1.4368 
-0.010776117,1.4214 
-0.00684765,1.4117 
0.002476212,1.4152 
-0.001201966,1.4135 
0.008383578,1.4254 
0.009217942,1.4386 
-0.000625804,1.4377 
-0.000904631,1.4364 
-0.009513222,1.4228 
0.002597131,1.4265 
-0.007599783,1.4157 
-0.00219213,1.4126 
-0.005323503,1.4051 
0.005323503,1.4126 
0.007335341,1.4230 
0.002386468,1.4264 
-0.004426496,1.4201 
-0.003739113,1.4148 
0.003950344,1.4204 
0.005196276,1.4278 
0.00788312,1.4391 
-0.003898912,1.4335 
-0.001046938,1.4320 
0.00619585,1.4409 
0.005053488,1.4482 
0.006264003,1.4573 
-0.002817387,1.4532 
0.005010821,1.4605 
6.85E-05,1.4606 
0.004031299,1.4665 
-0.009110588,1.4532 
-0.002342405,1.4498 
-0.000966117,1.4484 
-0.004151106,1.4424 
-0.000901682,1.4411 
0.002148824,1.4442 
6.92E-05,1.4443 
-6.92E-05,1.4442 
-0.005485173,1.4363 
0.003197556,1.4409 
0.003533205,1.4460 
0.009429811,1.4597 
0.000342477,1.4602 
-0.006802981,1.4503 
-0.001449026,1.4482 
0.009620745,1.4622 
0.005524311,1.4703 
-0.002792442,1.4662 
-0.002800261,1.4621 
0.000341915,1.4626 
-0.009825219,1.4483 
-0.004914355,1.4412 
0.000208138,1.4415 
0.006706562,1.4512 
-0.004281479,1.4450 
0.006209058,1.4540 
-0.001858673,1.4513 
-0.003727741,1.4459 
-0.014489978,1.4251 
-0.003233064,1.4205 
-0.00663938,1.4111 
0.0060056,1.4196 
0.000915332,1.4209 
0.010362061,1.4357 
0.021907738,1.4675 
-0.001022669,1.4660 
0.009842265,1.4805 
0.013218564,1.5002 
-0.092614177,1.3675 
-0.033535988,1.3224 
0.007833725,1.3328 
0.008963311,1.3448 
-0.012194817,1.3285 
-0.001205092,1.3269 
0.000979248,1.3282 
-0.019846296,1.3021 
-0.007167937,1.2928 
-0.000851229,1.2917 
0.002705943,1.2952 
0.003083567,1.2992 
0.019663769,1.3250 
-0.008564876,1.3137 
0.014359376,1.3327 
-0.010788079,1.3184 
0.005144511,1.3252 
-0.011765288,1.3097 
0.010481639,1.3235 
-0.000680246,1.3226 
-0.009190752,1.3105 
0.002362716,1.3136 
0,1.3136 
0.005617566,1.3210 
-0.004020182,1.3157 
0.005533042,1.3230 
-0.003710579,1.3181 
0.012739986,1.3350 
-0.00224972,1.3320 
-0.015738824,1.3112 
-0.003361348,1.3068 
-0.001991575,1.3042 
-0.003533301,1.2996 
0.001076675,1.3010 
-0.004236479,1.2955 
-0.002860126,1.2918 
-0.002945967,1.2880 
0.012575871,1.3043 
0,1.3043 
0.009006319,1.3161 
-0.006938383,1.3070 
0.005189267,1.3138 
0.00478379,1.3201 
0.002269977,1.3231 
-0.003331065,1.3187 
-0.003874943,1.3136 
-0.002362716,1.3105 
-0.001909491,1.3080 
0.004652768,1.3141 
0.010145453,1.3275 
0.001054058,1.3289 
0.001353587,1.3307 
0.008977393,1.3427 
-0.006950441,1.3334 
-0.002778718,1.3297 
-0.002032598,1.3270 
0.004886309,1.3335 
-0.011312338,1.3185 
0.004313777,1.3242 
-7.55E-05,1.3241 
-0.018599515,1.2997 
0.002766041,1.3033 
-0.003843793,1.2983 
0.004073952,1.3036 
0.002987249,1.3075 
-0.008525725,1.2964 
0.000693989,1.2973 
0.004000313,1.3025 
-0.000614392,1.3017 
-0.003925649,1.2966 
0.000770951,1.2976 
-0.010536199,1.2840 
-0.008996736,1.2725 
0.001727387,1.2747 
-0.010171584,1.2618 
-0.014770138,1.2433 
-0.005646087,1.2363 
-0.020428885,1.2113 
0.006664771,1.2194 
0.004336982,1.2247 
-0.004993257,1.2186 
-0.000246214,1.2183 
0.00939511,1.2298 
-0.001057642,1.2285 
-0.002934705,1.2249 
-0.001634121,1.2229 
-0.000572574,1.2222 
-0.003113991,1.2184 
0.004258811,1.2236 
-0.005901656,1.2164 
0.001642846,1.2184 
0.004422249,1.2238 
0.000490156,1.2244 
0.004807114,1.2303 
0.01292112,1.2463 
0.004083763,1.2514 
-0.009312848,1.2398 
-0.001210605,1.2383 
0.001694437,1.2404 
0.011781342,1.2551 
0.00357896,1.2596 
-0.00885138,1.2485 
-0.002486067,1.2454 
-0.001124769,1.2440 
-0.002092219,1.2414 
-0.005654753,1.2344 
0.01183827,1.2491 
-0.005780827,1.2419 
0.001769912,1.2441 
0.000401816,1.2446 
0.002968433,1.2483 
-0.005301217,1.2417 
0.006101986,1.2493 
0.00112,1.2507 
0.006773204,1.2592 
0.011135357,1.2733 
0.001098901,1.2747 
-0.005585508,1.2676 
-0.004110678,1.2624 
-0.003173598,1.2584 
-0.001192701,1.2569 
0.008792484,1.2680 
-0.001815527,1.2657 
-0.007454436,1.2563 
-0.011286892,1.2422 
0.005138923,1.2486 
-0.007395532,1.2394 
-0.002099993,1.2368 
-0.000970717,1.2356 
-0.005762769,1.2285 
-0.000569963,1.2278 
0.00073275,1.2287 
-0.001384534,1.2270 
-0.003756026,1.2224 
0.002940698,1.2260 
0.008285321,1.2362 
-0.006818208,1.2278 
-0.003590082,1.2234 
0.007167322,1.2322 
0.007680219,1.2417 
-0.010443325,1.2288 
-0.01030684,1.2162 
0.001150464,1.2176 
0.003116034,1.2214 
-0.004102065,1.2164 
0.001724917,1.2185 
-0.011556051,1.2045 
0.030255783,1.2415 
-0.012481926,1.2261 
0.006503559,1.2341 
0.002751256,1.2375 
0.011728926,1.2521 
0.008984358,1.2634 
0,1.2634 
-0.003250488,1.2593 
-0.003500123,1.2549 
-0.005032964,1.2486 
0.007341239,1.2578 
0.006419169,1.2659 
-0.010402285,1.2528 
-0.003278036,1.2487 
-0.001442539,1.2469 
0.00328276,1.2510 
0.002474952,1.2541 
-0.003594684,1.2496 
-0.000480269,1.2490 
0.002798323,1.2525 
-0.004561285,1.2468 
-0.000561595,1.2461 
0.002324557,1.2490 
-0.006345148,1.2411 
0.004261313,1.2464 
0.000882153,1.2475 
-0.001925701,1.2451 
0.008397698,1.2556 
-0.007434384,1.2463 
-0.001606039,1.2443 
-0.004833652,1.2383 
-0.00729457,1.2293 
-0.002117265,1.2267 
0.002279946,1.2295 
-0.004565101,1.2239 
-0.003109659,1.2201 
-0.002626181,1.2169 
-0.000410965,1.2164 
8.22E-05,1.2165 
0.004510978,1.2220 
-0.005333346,1.2155 
0.011126679,1.2291 
0.005679068,1.2361 
0.002827485,1.2396 
-0.003070213,1.2358 
0.009663467,1.2478 
0.000480731,1.2484 
0.00295941,1.2521 
-0.003840927,1.2473 
0.006711971,1.2557 
-0.008557656,1.2450 
-0.001285967,1.2434 
0.002891104,1.2470 
0.006554256,1.2552 
-0.005191912,1.2487 
-0.003851405,1.2439 
0.00353102,1.2483 
-0.001041959,1.2470 
-0.007728263,1.2374 
0.003469004,1.2417 
0.005941884,1.2491 
0.003994892,1.2541 
-0.002954684,1.2504 
0.001678054,1.2525 
0.003188524,1.2565 
0.021650127,1.2840 
-0.004840356,1.2778 
0.002735338,1.2813 
-0.000156104,1.2811 
-0.001093408,1.2797 
0.002965046,1.2835 
0.001090173,1.2849 
0.004348846,1.2905 
0.003480955,1.2950 
-0.004954337,1.2886 
0.004104556,1.2939 
-0.005657833,1.2866 
0.004575247,1.2925 
0.00432333,1.2981 
-0.003240744,1.2939 
-0.000463822,1.2933 
0.000386533,1.2938 
-0.003949666,1.2887 
0.000155183,1.2889 
0.000620492,1.2897 
0.00170437,1.2919 
0.003939902,1.2970 
-0.002161162,1.2942 
0.007390334,1.3038 
-0.003226553,1.2996 
-0.002619618,1.2962 
0.000925355,1.2974 
-0.002469518,1.2942 
-0.01048594,1.2807 
0.002573402,1.2840 
0.001400887,1.2858 
0.002485631,1.2890 
-0.00069846,1.2881 
0.000776036,1.2891 
0.000930449,1.2903 
0.000697269,1.2912 
0.003787737,1.2961 
-0.000308666,1.2957 
-0.016654081,1.2743 
-0.006613677,1.2659 
0.007398113,1.2753 
0,1.2753 
0.000235211,1.2756 
0.0018797,1.2780 
-0.003213295,1.2739 
-0.008672397,1.2629 
0.003399078,1.2672 
0.000867679,1.2683 
0.002677167,1.2717 
0.000471698,1.2723 
0.007204981,1.2815 
0.008624427,1.2926 
0.006246887,1.3007 
0.001613213,1.3028 
-0.006700322,1.2941 
-0.00170147,1.2919 
0.001160407,1.2934 
0.003010772,1.2973 
-0.00649604,1.2889 
-0.000543246,1.2882 
-0.002642831,1.2848 
0.002798074,1.2884 
0.004259775,1.2939 
0.012442557,1.3101 
-0.003517361,1.3055 
-0.001072961,1.3041 
-0.001304431,1.3024 
-0.003846454,1.2974 
0.001925077,1.2999 
0.002305211,1.3029 
-0.000230282,1.3026 
0.007419056,1.3123 
-0.004352979,1.3066 
0.005343116,1.3136 
0.006071664,1.3216 
-0.000908403,1.3204 
0.001513547,1.3224 
-0.006600684,1.3137 
-0.007641208,1.3037 
-0.000230141,1.3034 
-0.003843498,1.2984 
0.001539172,1.3004 
-0.002155505,1.2976 
0.002693656,1.3011 
-0.003541735,1.2965 
-0.007354397,1.2870 
0.001707942,1.2892 
-0.001863355,1.2868 
0.000543837,1.2875 
0.001939865,1.2900 
-0.006064866,1.2822 
-0.001795403,1.2799 
0.00015625,1.2801 
0.006307695,1.2882 
0.003951196,1.2933 
-0.001005686,1.2920 
0.00030955,1.2924 
0.000618812,1.2932 
0.001622562,1.2953 
-0.001854571,1.2929 
0.007935021,1.3032 
0.000920387,1.3044 
0.004436632,1.3102 
0.007224641,1.3197 
-0.0025037,1.3164 
0.008923904,1.3282 
-0.005435617,1.3210 
0.014131324,1.3398 
0.014228786,1.3590 
-0.006940883,1.3496 
0.00125884,1.3513 
-0.001407043,1.3494 
0.006647487,1.3584 
-0.006351103,1.3498 
-0.002076536,1.3470 
-0.000816963,1.3459 
-0.005438643,1.3386 
0.00424914,1.3443 
-0.003427723,1.3397 
-0.009072907,1.3276 
-0.002790875,1.3239 
0.000755059,1.3249 
-0.009860517,1.3119 
-0.003818547,1.3069 
0.005570195,1.3142 
0.004706606,1.3204 
0.001513547,1.3224 
0.003020238,1.3264 
0.001732515,1.3287 
-0.002637629,1.3252 
-0.004537899,1.3192 
0.000909229,1.3204 
-0.003337888,1.3160 
0.002201223,1.3189 
0.000682154,1.3198 
-0.00478488,1.3135 
0.009773175,1.3264 
-0.007795688,1.3161 
-0.002434387,1.3129 
0.006074891,1.3209 
0.005661888,1.3284 
-0.002789192,1.3247 
-0.01429356,1.3059 
0.001300938,1.3076 
0.007542606,1.3175 
-0.000607395,1.3167 
-0.003728367,1.3118 
0.002208263,1.3147 
0.003795935,1.3197 
-0.006156672,1.3116 
0.003652972,1.3164 
0.000607533,1.3172 
0.001744605,1.3195 
0.00166591,1.3217 
0.001285396,1.3234 
0.000377743,1.3239 
0.006474951,1.3325 
-0.001201472,1.3309 
0.002401502,1.3341 
-0.001725497,1.3318 
0.001800451,1.3342 
0.005083743,1.3410 
0.008760914,1.3528 
-0.003702885,1.3478 
0,1.3478 
-0.002674593,1.3442 
-0.00372662,1.3392 
0.006104389,1.3474 
-0.006627226,1.3385 
-0.003367636,1.3340 
-0.001650537,1.3318 
0.007480585,1.3418 
0.001042831,1.3432 
-0.008298182,1.3321 
0.004568783,1.3382 
0.000224157,1.3385 
-0.000597863,1.3377 
0.00067257,1.3386 
-0.001794527,1.3362 
0.000972435,1.3375 
-7.48E-05,1.3374 
0.001942183,1.3400 
0.003129427,1.3442 
0.004749898,1.3506 
0.000962072,1.3519 
0.005385281,1.3592 
-0.005607216,1.3516 
0.002586176,1.3551 
0.001106317,1.3566 
0.000147417,1.3568 
-0.001991959,1.3541 
-0.002440017,1.3508 
0.002292307,1.3539 
0.013790287,1.3727 
0.004869019,1.3794 
-0.000362542,1.3789 
0.00275203,1.3827 
0.00483389,1.3894 
-0.00317186,1.3850 
0.009700094,1.3985 
0.001072003,1.4000 
0.016927349,1.4239 
-0.007189205,1.4137 
0.001696233,1.4161 
-0.006020488,1.4076 
0.005243405,1.4150 
0.003034261,1.4193 
0.005025048,1.4265 
-0.010287939,1.4119 
-0.011325714,1.3960 
-0.000573251,1.3952 
-0.005030011,1.3882 
0.002194759,1.3912 
-0.006128575,1.3827 
0.000795229,1.3838 
0.004038661,1.3894 
0.007600237,1.4000 
0.007117468,1.4100 
-0.00479873,1.4033 
-0.002390169,1.3999 
-0.000214324,1.3996 
-0.005588608,1.3918 
0.002654901,1.3955 
0.001145886,1.3971 
-0.000429553,1.3965 
-0.003982139,1.3910 
-0.010733556,1.3761 
0.001089443,1.3776 
0.001776876,1.3801 
0.003508204,1.3849 
0.002848132,1.3889 
0.001115409,1.3904 
-0.006638789,1.3812 
0.00285575,1.3852 
0.003890915,1.3906 
0.004090719,1.3963 
0,1.3963 
-0.001863867,1.3937 
0.000573868,1.3945 
0.005684982,1.4024 
-0.001819967,1.3999 
0.010128198,1.4141 
-0.00318731,1.4096 
0.002621419,1.4133 
0.00687506,1.4231 
-0.005107713,1.4158 
-0.005773095,1.4077 
-0.003986196,1.4021 
-0.000713496,1.4011 
0.00238821,1.4044 
0.001138628,1.4060 
0.001421464,1.4080 
-0.005519466,1.4003 
0.006264926,1.4091 
0.002905537,1.4132 
0.003144046,1.4176 
